Is Managed,Manufacturer,Model,CPP BW,Serial Number,IP Address,Mac Address,Firmware Version 1,First Audit Date,Last Audit Date,Total Pages,Total Pages Mono,Total Pages Color,Total Cost Mono,TCM/Day
FALSE,,2,#N/A,4k?,10.157.59.66,EC-8E-B5-BF-3D-A3,,12/20/2018 5:18:05 AM,12/20/2018 5:18:05 AM,,,,,
FALSE,,HP LaserJet 400 M401dne,0.017,VNG3702020,10.157.43.74,,plslx07:/local/sandbox/romreleases/taishan1.6.r,,,,,,,
FALSE,,HP LaserJet MFP M426fdn,0.017,PHB8J170NR,10.157.56.53,,,,,,,,,
TRUE,HP,Color LaserJet CP2025dn,0.0258,CNGS705845,10.157.59.52,44-1E-A1-2F-8B-74,owl.rom.21,10/9/2018 1:17:32 PM,10/10/2019 1:18:34 PM,49522,16419,33103,423.6102,1.157402649
FALSE,HP,Color LaserJet CP3505,0.0256,CNBC82M3P8,10.157.49.25,00-1E-0B-0A-D7-64,03.018.5,10/9/2018 5:17:46 AM,10/10/2019 1:18:34 PM,172800,105081,67719,2690.0736,7.3432289
FALSE,HP,Color LaserJet M553,0.017,JPBCK7K1LB,10.157.49.86,F4-30-B9-72-3E-38,2308209_000566,,,,,,,
FALSE,HP,Color LaserJet M553,0.017,JPBCK9309F,10.157.47.54,F4-30-B9-F5-42-FB,2308214_000907,10/9/2018 1:17:32 PM,10/10/2019 1:18:34 PM,7162,2530,4632,43.01,0.117513431
FALSE,HP,Color LaserJet M553,0.017,JPBCK9V0Y8,10.157.54.59,18-60-24-C7-EE-34,2308214_000907,9/10/2019 2:42:06 PM,10/10/2019 1:18:34 PM,8786,5033,3753,85.561,2.857558829
FALSE,HP,Color LaserJet M553,0.017,JPBCK9V0YD,10.157.44.57,18-60-24-C7-EE-A9,2308214_000907,10/9/2018 1:17:32 PM,10/10/2019 1:18:34 PM,3418,529,2889,8.993,0.02457099
FALSE,HP,Color LaserJet M553,0.017,JPCCL25272,10.157.55.56,AC-E2-D3-DA-AD-1B,2308937_578487,3/29/2019 5:17:17 PM,10/10/2019 1:18:34 PM,319,31,288,0.527,0.002704864
FALSE,HP,Color LaserJet M553,0.017,JPCCL650Y7,10.157.16.52,B4-B6-86-7D-13-B0,2308937_578487,9/10/2019 2:42:06 PM,10/10/2019 1:18:34 PM,248,78,170,1.326,0.044285633
FALSE,HP,Color LaserJet M553,0.017,JPCCL650YG,10.157.44.51,B4-B6-86-7D-F1-CD,2308937_578487,1/8/2019 5:17:46 PM,10/10/2019 1:18:34 PM,23665,17332,6333,294.644,1.072080307
TRUE,HP,Color LaserJet M553,0.017,JPCCM4R16K,10.157.49.94,C4-65-16-E0-C4-9E,2309010_581409,7/26/2019 1:17:40 PM,10/7/2019 1:18:34 PM,1509,714,795,12.138,0.166272549
FALSE,HP,Color LaserJet MFP M577,0.017,MXCCM5Z1SZ,10.157.16.53,9C-7B-EF-8E-FD-A8,2309015_581593,9/10/2019 2:42:06 PM,10/10/2019 1:18:34 PM,15564,8599,6965,146.183,4.882207107
TRUE,HP,LaserJet 400 color M451dw,0.0256,CNDF510615,10.157.49.84,28-80-23-15-53-1F,plslx232:/local/sandbox/romreleases/thunderbird,10/9/2018 1:17:32 PM,10/10/2019 1:18:34 PM,49113,21301,27812,545.3056,1.48990309
FALSE,HP,LaserJet 400 color M451dw,0.0256,CNDF609229,10.157.49.119,28-80-23-15-43-CA,leslevm14:/local/sandbox/romreleases/thunderbir,10/9/2018 1:17:32 PM,10/10/2019 1:18:34 PM,30640,6870,23770,175.872,0.480523648
FALSE,HP,LaserJet 400 color M451dw,0.0256,CNDF609236,10.157.47.54,28-80-23-15-43-73,leslevm14:/local/sandbox/romreleases/thunderbir,10/9/2018 1:17:32 PM,8/8/2019 1:18:30 PM,36761,14835,21926,379.776,1.253383362
FALSE,HP,LaserJet 400 color M451dw,0.0256,CNDF609240,10.157.57.55,28-80-23-15-53-F6,leslevm14:/local/sandbox/romreleases/thunderbir,10/9/2018 1:17:32 PM,10/10/2019 1:18:34 PM,3309,589,2720,15.0784,0.041197733
FALSE,HP,LaserJet 400 color M451dw,0.0256,CNDF609241,10.157.49.83,28-80-23-15-43-60,plslx232:/local/sandbox/romreleases/thunderbird,10/9/2018 1:17:32 PM,10/10/2019 1:18:34 PM,13254,6984,6270,178.7904,0.488497403
FALSE,HP,LaserJet 400 M401dn,0.0153,VNB4F01148,10.157.55.52,80-C1-6E-94-0E-D7,plslx230:/local/sandbox/romreleases/taishan1.6.,10/9/2018 9:17:37 AM,10/10/2019 1:18:34 PM,25822,25822,0,395.0766,1.078950992
TRUE,HP,LaserJet 400 M401dn,0.0153,VNG3B01833,10.157.59.61,2C-59-E5-78-B5-0E,plslx07:/local/sandbox/romreleases/taishan1.6.r,10/9/2018 1:17:32 PM,10/10/2019 1:18:34 PM,84979,84979,0,1300.1787,3.552393855
FALSE,HP,LaserJet 400 M401dn,0.0153,VNG3B01834,10.157.51.50,2C-59-E5-78-A5-BA,plslx07:/local/sandbox/romreleases/taishan1.6.r,10/9/2018 9:17:44 PM,10/10/2019 1:18:34 PM,48206,48206,0,737.5518,2.017002642
FALSE,HP,LaserJet 400 M401dn,0.0153,VNG3B01836,10.157.56.50,2C-59-E5-78-A5-B8,plslx07:/local/sandbox/romreleases/taishan1.6.r,10/9/2018 9:17:37 AM,10/10/2019 1:18:34 PM,45757,45757,0,700.0821,1.91191854
TRUE,HP,LaserJet 400 M401dn,0.0153,VNG4C00944,10.157.52.53,2C-59-E5-D7-17-78,plslx07:/local/sandbox/romreleases/taishan1.6.r,10/9/2018 9:17:37 AM,10/10/2019 1:18:34 PM,96527,96527,0,1476.8631,4.033301154
FALSE,HP,LaserJet 400 M401dn,0.0153,VNG4C00945,10.157.55.50,2C-59-E5-D7-17-83,plslx07:/local/sandbox/romreleases/taishan1.6.r,10/9/2018 1:17:32 PM,11/8/2018 9:17:48 AM,131615,131615,0,2013.7095,67.49822347
FALSE,HP,LaserJet 400 M401dn,0.0153,VNG4C00948,10.157.57.56,2C-59-E5-D7-F6-05,plslx07:/local/sandbox/romreleases/taishan1.6.r,10/9/2018 1:17:32 PM,10/10/2019 1:18:34 PM,84619,84619,0,1294.6707,3.537344704
FALSE,HP,LaserJet 400 M401dn,0.0153,VNG4C00950,10.157.59.62,2C-59-E5-D7-C6-27,plslx07:/local/sandbox/romreleases/taishan1.6.r,10/9/2018 1:17:32 PM,10/10/2019 1:18:34 PM,165232,165232,0,2528.0496,6.907225802
TRUE,HP,LaserJet 400 M401dn,0.0153,VNG4C00951,10.157.57.57,2C-59-E5-D7-C6-2E,plslx07:/local/sandbox/romreleases/taishan1.6.r,10/9/2018 1:17:32 PM,10/10/2019 1:18:34 PM,49817,49817,0,762.2001,2.082509851
TRUE,HP,LaserJet 400 M401dn,0.0153,VNG4C00953,10.157.52.50,2C-59-E5-D7-C6-23,leslelx20:/var/lib/jenkins/jobs/gitbuilder/work,,,,,,,
FALSE,HP,LaserJet 400 M401dn,0.0153,VNG4C00965,10.157.53.50,2C-59-E5-D7-D6-07,plslx07:/local/sandbox/romreleases/taishan1.6.r,10/9/2018 1:17:32 PM,10/10/2019 1:18:34 PM,105359,105359,0,1611.9927,4.404343004
TRUE,HP,LaserJet 400 M401dne,0.0153,PHGFC01004,10.157.49.51,A0-48-1C-6D-24-B0,plslx07:/local/sandbox/romreleases/taishan1.6.r,10/9/2018 9:17:37 AM,10/10/2019 1:18:34 PM,43940,43940,0,672.282,1.835996692
FALSE,HP,LaserJet 400 M401dne,0.0153,PHGFC07332,10.157.47.50,9C-B6-54-17-E7-90,plslx07:/local/sandbox/romreleases/taishan1.6.r,10/9/2018 1:17:32 PM,10/10/2019 1:18:34 PM,12723,12723,0,194.6619,0.531862072
FALSE,HP,LaserJet 400 M401dne,0.0153,PHGFF10496,10.157.43.51,FC-15-B4-2F-25-59,plslx230:/local/sandbox/romreleases/taishan1.6.,10/9/2018 1:17:32 PM,10/10/2019 1:18:34 PM,6872,6872,0,105.1416,0.287271568
FALSE,HP,LaserJet 400 M401dne,0.0153,PHGFF26694,10.157.44.50,C4-34-6B-19-94-CA,plslx230:/local/sandbox/romreleases/taishan1.6.,10/9/2018 5:17:46 AM,10/10/2019 1:18:34 PM,100770,100770,0,1541.781,4.208676966
TRUE,HP,LaserJet 400 M401dne,0.0153,PHGFF26708,10.157.59.56,C4-34-6B-19-14-47,plslx230:/local/sandbox/romreleases/taishan1.6.,10/9/2018 9:17:15 AM,10/10/2019 1:18:34 PM,38253,38253,0,585.2709,1.598368972
FALSE,HP,LaserJet 400 M401dne,0.0153,VNG3702007,10.157.52.51,2C-59-E5-D1-2C-43,plslx07:/local/sandbox/romreleases/taishan1.6.r,10/9/2018 1:17:32 PM,10/10/2019 1:18:34 PM,13379,13379,0,204.6987,0.559284969
FALSE,HP,LaserJet 400 M401dne,0.0153,VNG3702009,10.157.49.74,2C-59-E5-D1-4C-05,plslx07:/local/sandbox/romreleases/taishan1.6.r,10/9/2018 5:17:46 AM,10/10/2019 1:18:34 PM,104600,104600,0,1600.38,4.368637597
FALSE,HP,LaserJet 400 M401dne,0.0153,VNG3702011,10.157.57.51,2C-59-E5-D1-4C-0F,plslx07:/local/sandbox/romreleases/taishan1.6.r,10/9/2018 9:17:37 AM,10/10/2019 1:18:34 PM,51502,51502,0,787.9806,2.151968631
FALSE,HP,LaserJet 400 M401dne,0.0153,VNG3702012,10.157.53.51,2C-59-E5-D1-0C-D9,plslx07:/local/sandbox/romreleases/taishan1.6.r,10/9/2018 1:17:32 PM,10/10/2019 1:18:34 PM,11603,11603,0,177.5259,0.485042492
FALSE,HP,LaserJet 400 M401dne,0.0153,VNG3702014,10.157.44.55,2C-59-E5-D1-1C-97,plslx07:/local/sandbox/romreleases/taishan1.6.r,10/9/2018 1:17:32 PM,10/10/2019 1:18:34 PM,175744,175744,0,2688.8832,7.346661006
TRUE,HP,LaserJet 400 M401dne,0.0153,VNG3702015,10.157.49.250,2C-59-E5-D1-3C-FC,plslx07:/local/sandbox/romreleases/taishan1.6.r,10/9/2018 1:17:32 PM,10/10/2019 1:18:34 PM,37703,37703,0,576.8559,1.576105926
FALSE,HP,LaserJet 400 M401dne,0.0153,VNG3702016,10.157.59.176,2C-59-E5-D1-1C-CB,plslx07:/local/sandbox/romreleases/taishan1.6.r,10/9/2018 1:17:32 PM,10/10/2019 1:18:34 PM,76053,76053,0,1163.6109,3.179258521
TRUE,HP,LaserJet 400 M401dne,0.0153,VNG3702017,10.157.59.58,2C-59-E5-D1-4C-03,plslx07:/local/sandbox/romreleases/taishan1.6.r,10/9/2018 1:17:32 PM,10/10/2019 1:18:34 PM,25976,25976,0,397.4328,1.085879838
FALSE,HP,LaserJet 400 M401dne,0.0153,VNG3702019,10.157.56.51,2C-59-E5-D1-0C-E9,plslx07:/local/sandbox/romreleases/taishan1.6.r,10/9/2018 5:17:24 AM,10/10/2019 1:18:34 PM,13171,13171,0,201.5163,0.550088774
FALSE,HP,LaserJet 400 M401dne,0.0153,VNG3702020,10.157.43.74,2C-59-E5-D1-4C-16,plslx07:/local/sandbox/romreleases/taishan1.6.r,10/9/2018 9:17:37 AM,10/10/2019 1:18:34 PM,151397,151397,0,2316.3741,6.325998889
FALSE,HP,LaserJet 400 M401dne,0.0153,VNG3702023,10.157.51.51,2C-59-E5-D1-4C-0B,plslx07:/local/sandbox/romreleases/taishan1.6.r,10/9/2018 9:17:44 PM,10/10/2019 1:18:34 PM,6576,6576,0,100.6128,0.275148516
FALSE,HP,LaserJet 400 M401dne,0.0153,VNG3702024,10.157.55.51,2C-59-E5-D1-1C-94,plslx07:/local/sandbox/romreleases/taishan1.6.r,10/9/2018 1:17:32 PM,10/10/2019 1:18:34 PM,16026,16026,0,245.1978,0.669938031
FALSE,HP,LaserJet 400 M401dne,0.0153,VNG4817065,10.157.55.54,2C-59-E5-78-CF-06,plslx07:/local/sandbox/romreleases/taishan1.6.r,10/9/2018 1:17:32 PM,10/10/2019 1:18:34 PM,15868,15868,0,242.7804,0.663333126
FALSE,HP,LaserJet 400 M401dne,0.0153,VNG4819332,10.157.57.50,2C-44-FD-02-02-9E,plslx07:/local/sandbox/romreleases/taishan1.6.r,3/26/2019 5:17:18 PM,4/5/2019 9:17:45 AM,42915,42915,0,656.5995,67.92189046
TRUE,HP,LaserJet 400 MFP M425dn,0.0153,CNB6D5G06X,10.157.48.153,A0-B3-CC-9D-65-6A,leslelx28:/var/lib/jenkins/jobs/gitbuilder3/wor,10/9/2018 1:17:32 PM,10/10/2019 1:18:34 PM,84649,84649,0,1295.1297,3.5385988
FALSE,HP,LaserJet 400 MFP M425dn,0.0153,CNB6D5G079,10.157.43.50,A0-B3-CC-9D-65-7A,leslelx28:/var/lib/jenkins/jobs/gitbuilder3/wor,10/9/2018 1:17:32 PM,10/10/2019 1:18:34 PM,70967,70967,0,1085.7951,2.966647462
FALSE,HP,LaserJet 400 MFP M425dn,0.0153,CNB6D5G07C,10.157.42.50,A0-B3-CC-9C-DF-12,leslelx28:/var/lib/jenkins/jobs/gitbuilder3/wor,10/9/2018 1:17:32 PM,10/10/2019 1:18:07 PM,72015,72015,0,1101.8295,3.010459783
TRUE,HP,LaserJet 400 MFP M425dn,0.0153,CNB6D5N0DK,10.157.41.54,A0-B3-CC-9F-EE-F1,leslelx28:/var/lib/jenkins/jobs/gitbuilder3/wor,10/9/2018 1:17:32 PM,10/10/2019 1:18:34 PM,27727,27727,0,424.2231,1.159077236
FALSE,HP,LaserJet 400 MFP M425dn,0.0153,CNC6DCQ07J,10.157.59.54,6C-3B-E5-05-B6-64,plslx561:/local/sandbox/romreleases/sun1.5.rom.,10/9/2018 5:17:46 AM,10/10/2019 1:18:34 PM,37457,37457,0,573.0921,1.564398264
TRUE,HP,LaserJet 400 MFP M425dn,0.0153,CNF8G43FBD,10.157.47.51,C4-34-6B-17-E1-B8,plslx561:/local/sandbox/romreleases/sun1.6.rom.,10/9/2018 9:17:37 AM,10/10/2019 1:18:34 PM,167425,167425,0,2561.6025,6.995715662
TRUE,HP,LaserJet 400 MFP M425dn,0.0153,CNF8G5W83J,10.157.49.221,6C-C2-17-23-39-39,leslelx28:/var/lib/jenkins/jobs/gitbuilder3/wor,10/9/2018 5:17:24 AM,10/10/2019 1:18:34 PM,362891,362891,0,5552.2323,15.1561966
TRUE,HP,LaserJet 400 MFP M425dn,0.0153,CNF8GBFFZP,10.157.49.162,38-63-BB-00-13-E2,leslelx28:/var/lib/jenkins/jobs/gitbuilder3/wor,10/9/2018 9:17:37 AM,10/10/2019 1:18:34 PM,186433,186433,0,2852.4249,7.789949278
FALSE,HP,LaserJet 400 MFP M425dn,0.0153,CNF8GBFG5F,10.157.49.165,38-63-BB-00-33-58,leslelx28:/var/lib/jenkins/jobs/gitbuilder3/wor,10/9/2018 9:17:37 AM,10/10/2019 1:18:34 PM,90700,90700,0,1387.71,3.78982476
FALSE,HP,LaserJet 400 MFP M425dn,0.0153,CNF8GBFGHK,10.157.49.166,38-63-BB-00-53-95,leslelx28:/var/lib/jenkins/jobs/gitbuilder3/wor,10/9/2018 1:17:32 PM,10/10/2019 1:18:34 PM,12339,12339,0,188.7867,0.515809644
FALSE,HP,LaserJet 400 MFP M425dn,0.0153,CNF8GBFGHS,10.157.49.161,38-63-BB-00-53-9E,leslelx28:/var/lib/jenkins/jobs/gitbuilder3/wor,10/9/2018 1:17:32 PM,10/10/2019 1:18:34 PM,148753,148753,0,2275.9209,6.218350923
FALSE,HP,LaserJet 400 MFP M425dn,0.0153,CNF8GBFGHX,10.157.49.160,38-63-BB-00-53-99,leslelx28:/var/lib/jenkins/jobs/gitbuilder3/wor,10/9/2018 9:17:37 AM,10/10/2019 1:18:34 PM,97473,97473,0,1491.3369,4.072828984
FALSE,HP,LaserJet 400 MFP M425dn,0.0153,CNF8H1D2J9,10.157.49.164,D0-BF-9C-B9-FB-89,leslelx28:/var/lib/jenkins/jobs/gitbuilder3/wor,10/9/2018 1:17:32 PM,10/10/2019 1:18:34 PM,7925,7925,0,121.2525,0.331290334
FALSE,HP,LaserJet 4250,0.0095,CNGXD36674,10.157.59.68,00-14-38-8F-6A-E0,08.009.3,10/9/2018 9:17:37 AM,10/10/2019 1:18:34 PM,177656,177656,,1687.732,4.60918241
FALSE,HP,LaserJet 4300,0.0095,CNBY803435,10.157.49.94,00-01-E6-59-98-D5,04.003.2,,,,,,,
TRUE,HP,LaserJet 4350,0.0095,CNBXC33078,10.157.49.98,00-12-79-7F-43-3B,08.230.1,10/9/2018 9:17:37 AM,10/10/2019 1:18:34 PM,545214,545214,,5179.533,14.14526263
FALSE,HP,LaserJet 4350,0.0095,CNGXD90493,10.157.49.92,00-14-38-DB-23-F0,08.009.3,10/9/2018 9:17:37 AM,10/10/2019 1:18:34 PM,548962,548962,,5215.139,14.24250233
TRUE,HP,LaserJet 500 colorMFP M570dn,0.0095,CNCKM4LBGT,10.157.22.52,C4-65-16-42-72-50,leslelx8:/work/jenkins/gitbuilder/workspace/phx,9/10/2019 2:42:06 PM,10/10/2019 1:18:34 PM,2299,1418,881,13.471,0.449903285
TRUE,HP,LaserJet 600 M602,0.01,CNDCH3J0Z4,10.157.49.54,50-65-F3-5B-14-63,2308974_579777,10/9/2018 9:17:37 AM,10/10/2019 1:18:34 PM,241841,241841,,2418.41,6.604658105
FALSE,HP,LaserJet 9050,0.01,JPDL68N01Q,10.157.59.59,00-14-38-DB-D0-01,08.106.1,,,,,,,
TRUE,HP,LaserJet 9050,0.01,JPDL68N01T,10.157.59.60,00-14-38-DB-D9-74,08.106.1,,,,,,,
TRUE,HP,LaserJet 9050,0.01,JPFL6CN03H,10.157.49.104,00-17-08-8D-E4-25,08.107.1,,,,,,,
TRUE,HP,LaserJet M402dn,0.0192,PHB5B65413,10.157.55.50,10-62-E5-63-52-A0,leslelx21:/work/jenkins/gitbuilder/workspace/ph,11/8/2018 1:17:34 PM,10/10/2019 1:18:34 PM,16666,16666,0,319.9872,0.952340889
TRUE,HP,LaserJet M402dn,0.0192,PHB5B90753,10.157.22.50,B0-0C-D1-21-23-CB,leslelx54:/work/jenkins/gitbuilder3/workspace/p,9/10/2019 2:42:06 PM,10/10/2019 1:18:34 PM,305,305,0,5.856,0.195578178
FALSE,HP,LaserJet M402dn,0.0192,PHB5C25307,10.157.49.103,F4-30-B9-29-CC-3C,leslelx4:/var/lib/jenkins/jobs/gitbuilder/works,10/9/2018 9:17:37 AM,10/10/2019 1:18:34 PM,136189,136189,0,2614.8288,7.141076255
FALSE,HP,LaserJet M402dn,0.0192,PHB5C25980,10.157.44.54,F4-30-B9-6F-E0-71,leslelx4:/var/lib/jenkins/jobs/gitbuilder/works,10/9/2018 1:17:32 PM,10/10/2019 1:18:34 PM,2580,2580,0,49.536,0.135343997
FALSE,HP,LaserJet M402dn,0.0192,PHB5C33581,10.157.18.51,F4-30-B9-F4-AC-D5,leslelx4:/var/lib/jenkins/jobs/gitbuilder/works,9/10/2019 2:42:06 PM,10/10/2019 1:18:34 PM,342,342,0,6.5664,0.219304056
FALSE,HP,LaserJet M402dn,0.0192,PHB5C33590,10.157.52.50,F4-30-B9-F4-CC-83,leslelx4:/var/lib/jenkins/jobs/gitbuilder/works,3/27/2019 9:17:43 PM,10/10/2019 1:18:34 PM,240,240,0,4.608,0.023430438
FALSE,HP,LaserJet M402dn,0.0192,PHB5F21218,10.157.54.50,F4-30-B9-6F-60-7C,leslelx4:/var/lib/jenkins/jobs/gitbuilder/works,9/10/2019 2:42:06 PM,10/10/2019 1:18:34 PM,1821,1821,0,34.9632,1.16769791
FALSE,HP,LaserJet M402dn,0.0192,PHB5F25608,10.157.49.101,48-BA-4E-DA-1C-F6,leslelx4:/var/lib/jenkins/jobs/gitbuilder/works,10/9/2018 1:17:32 PM,10/10/2019 1:18:34 PM,98874,98874,0,1898.3808,5.186822617
FALSE,HP,LaserJet M402dn,0.0192,PHB5F25802,10.157.54.57,48-BA-4E-DA-71-C9,leslelx4:/var/lib/jenkins/jobs/gitbuilder/works,9/10/2019 2:42:06 PM,10/10/2019 1:18:34 PM,9314,9314,0,178.8288,5.972508693
FALSE,HP,LaserJet M402dn,0.0192,PHB5F25804,10.157.44.58,48-BA-4E-DA-71-D6,leslelx4:/var/lib/jenkins/jobs/gitbuilder/works,10/9/2018 1:17:32 PM,10/10/2019 1:18:34 PM,20287,20287,0,389.5104,1.064233979
FALSE,HP,LaserJet M402dn,0.0192,PHB5F25807,10.157.54.58,48-BA-4E-DA-91-DD,leslelx4:/var/lib/jenkins/jobs/gitbuilder/works,9/10/2019 2:42:06 PM,10/10/2019 1:18:34 PM,25972,25972,0,498.6624,16.65428342
FALSE,HP,LaserJet M402dn,0.0192,PHB5F31049,10.157.42.52,AC-E2-D3-D8-41-5D,leslelx21:/work/jenkins/gitbuilder/workspace/ph,10/9/2018 1:17:32 PM,10/10/2019 1:18:34 PM,6639,6639,0,127.4688,0.348274727
FALSE,HP,LaserJet M402dn,0.0192,PHB5F35303,10.157.49.36,80-CE-62-E6-11-9B,leslelx21:/work/jenkins/gitbuilder/workspace/ph,10/9/2018 1:17:32 PM,10/10/2019 1:18:34 PM,2202,2202,0,42.2784,0.115514528
FALSE,HP,LaserJet M402dn,0.0192,PHB5G00715,10.157.49.86,98-E7-F4-A5-AC-B0,leslelx13:/var/lib/jenkins/jobs/gitbuilder3/wor,11/28/2018 5:17:44 PM,10/10/2019 1:18:34 PM,48311,48311,0,927.5712,2.936895516
FALSE,HP,LaserJet M402dn,0.0192,PHB5H17711,10.157.20.52,48-BA-4E-DA-76-C8,leslelx4:/var/lib/jenkins/jobs/gitbuilder/works,9/10/2019 2:42:06 PM,10/10/2019 1:18:34 PM,819,819,0,15.7248,0.525175501
FALSE,HP,LaserJet M402dn,0.0192,PHB5H17720,10.157.20.51,48-BA-4E-DA-10-F3,leslelx4:/var/lib/jenkins/jobs/gitbuilder/works,9/10/2019 2:42:06 PM,10/10/2019 1:18:34 PM,4213,4213,0,80.8896,2.701543819
TRUE,HP,LaserJet M402dn,0.0192,PHBQD42623,10.157.48.119,A0-8C-FD-13-85-EF,leslelx20:/var/lib/jenkins/jobs/gitbuilder2/wor,8/27/2019 5:17:19 PM,8/30/2019 1:18:18 PM,2,2,0,0.0384,0.013549676
FALSE,HP,LaserJet M402dw,0.0192,PHBVF40927,10.157.49.106,B4-B6-86-7B-B1-89,leslelx21:/work/jenkins/gitbuilder/workspace/ph,12/18/2018 5:17:37 PM,10/10/2019 1:18:34 PM,7802,7802,0,149.7984,0.50635966
FALSE,HP,LaserJet M402dw,0.0192,PHBVF40930,10.157.49.104,B4-B6-86-7B-B1-D0,leslelx21:/work/jenkins/gitbuilder/workspace/ph,3/28/2019 5:17:25 PM,8/29/2019 9:17:41 AM,461,461,0,8.8512,0.057599931
FALSE,HP,LaserJet M402dw,0.0192,PHBVF40932,10.157.57.59,B4-B6-86-7B-B1-84,leslelx21:/work/jenkins/gitbuilder/workspace/ph,12/28/2018 5:17:25 PM,10/10/2019 1:18:34 PM,9298,9298,0,178.5216,0.624563619
FALSE,HP,LaserJet M604,0.012,CNDCJBD23W,10.157.49.88,98-E7-F4-08-31-89,2307781_551188,10/9/2018 9:17:37 AM,10/10/2019 1:18:34 PM,94641,94641,,1135.692,3.101565645
FALSE,HP,LaserJet MFP M426fdn,0.0192,PHB8HBW7Z9,10.157.49.71,B0-5A-DA-C4-6B-ED,leslelx24:/var/lib/jenkins/jobs/gitbuilder2/wor,10/9/2018 5:17:46 AM,10/10/2019 1:18:34 PM,91755,91755,0,1761.696,4.808989977
FALSE,HP,LaserJet MFP M426fdn,0.0192,PHB8J16CBW,10.157.53.53,FC-3F-DB-53-2E-EF,leslelx8:/var/lib/jenkins/jobs/gitbuilder/works,10/9/2018 9:17:44 PM,10/10/2019 1:18:34 PM,53632,53632,0,1029.7344,2.816042216
FALSE,HP,LaserJet MFP M426fdn,0.0192,PHB8J1706S,10.157.57.60,FC-3F-DB-53-1E-2A,leslelx8:/var/lib/jenkins/jobs/gitbuilder/works,1/31/2019 9:17:24 PM,10/10/2019 1:18:34 PM,27259,27259,0,523.3728,2.079620325
FALSE,HP,LaserJet MFP M426fdn,0.0192,PHB8J170C9,10.157.49.106,FC-3F-DB-53-1E-12,leslelx8:/var/lib/jenkins/jobs/gitbuilder/works,,,,,,,
FALSE,HP,LaserJet MFP M426fdn,0.0192,PHB8J170NR,10.157.56.53,FC-3F-DB-53-2E-6C,leslelx8:/var/lib/jenkins/jobs/gitbuilder/works,10/9/2018 1:17:32 PM,10/10/2019 1:18:34 PM,22822,22822,0,438.1824,1.197217325
TRUE,HP,LaserJet MFP M426fdn,0.0192,PHB8J170SQ,10.157.55.55,FC-3F-DB-53-2E-5B,leslelx2:/work/jenkins/gitbuilder/workspace/phx,,,,,,,
FALSE,HP,LaserJet MFP M426fdn,0.0192,PHB8J170WL,10.157.49.108,FC-3F-DB-53-2E-5D,leslelx8:/var/lib/jenkins/jobs/gitbuilder/works,10/9/2018 1:17:32 PM,10/10/2019 1:18:34 PM,80653,80653,0,1548.5376,4.230968754
FALSE,HP,LaserJet MFP M426fdn,0.0192,PHB8J87HRK,10.157.54.54,EC-8E-B5-BF-7D-CE,leslelx25:/var/lib/jenkins/jobs/gitbuilder3/wor,9/10/2019 2:42:06 PM,10/10/2019 1:18:34 PM,15159,15159,0,291.0528,9.720556075
FALSE,HP,LaserJet MFP M426fdn,0.0192,PHB8J87HVG,10.157.22.51,EC-8E-B5-BF-6D-21,leslelx25:/var/lib/jenkins/jobs/gitbuilder3/wor,9/10/2019 2:42:06 PM,10/10/2019 1:18:34 PM,29495,29495,0,566.304,18.91337169
TRUE,HP,LaserJet MFP M426fdn,0.0192,PHB8J87HVT,10.157.59.66,EC-8E-B5-BF-3D-A3,leslelx25:/var/lib/jenkins/jobs/gitbuilder3/wor,10/9/2018 1:17:32 PM,10/10/2019 1:18:34 PM,3770,3770,0,72.384,0.197770104
FALSE,HP,LaserJet MFP M426fdn,0.0192,PHB8J87J3W,10.157.49.167,98-E7-F4-02-25-72,leslelx25:/var/lib/jenkins/jobs/gitbuilder3/wor,10/9/2018 1:17:32 PM,10/10/2019 1:18:34 PM,16812,16812,0,322.7904,0.881939254
FALSE,HP,LaserJet MFP M426fdw,0.0192,PHB8J58DZX,10.157.49.110,A0-8C-FD-14-09-D9,leslelx27:/var/lib/jenkins/jobs/gitbuilder3/wor,10/9/2018 9:17:37 AM,10/10/2019 1:18:34 PM,79235,79235,0,1521.312,4.154690739
TRUE,HP,LaserJet MFP M426fdw,0.0192,PHBLL4W401,10.157.55.55,B4-B6-86-7B-1B-5A,leslelx21:/work/jenkins/gitbuilder3/workspace/p,10/9/2018 1:17:32 PM,10/10/2019 1:18:34 PM,935,935,0,17.952,0.049049084
TRUE,HP,LaserJet MFP M527,0.014,MXBCK1Y113,10.157.49.115,30-E1-71-BA-BA-D6,2308209_000563,10/9/2018 1:17:32 PM,10/10/2019 1:18:34 PM,135579,135579,,1898.106,5.186071799
TRUE,HP,LaserJet MFP M527,0.014,MXBCKC117Q,10.157.59.50,48-BA-4E-DA-A5-65,2308214_000905,10/9/2018 9:17:37 AM,10/10/2019 1:18:34 PM,15679,15679,,219.506,0.599469107
FALSE,HP,LaserJet MFP M527,0.014,MXBCKC11G2,10.157.18.50,48-BA-4E-DA-95-B2,2308214_000905,9/10/2019 2:42:06 PM,9/13/2019 1:18:39 PM,58919,58919,,824.866,280.3713021
TRUE,HP,LaserJet MFP M527,0.014,MXBCKC219M,10.157.59.51,48-BA-4E-DB-3C-08,2308214_000905,10/9/2018 9:17:37 AM,10/10/2019 1:18:34 PM,13455,13455,,188.37,0.514436943
FALSE,HP,LaserJet MFP M527,0.014,MXCCKD31ZD,10.157.20.50,48-BA-4E-DA-B5-B9,2308214_000905,9/10/2019 2:42:06 PM,10/10/2019 1:18:34 PM,31339,31339,,438.746,14.65320071
FALSE,HP,LaserJet P2055dn,0.0173,CNB9N04412,10.157.48.59,00-21-5A-80-51-43,20080718,,,,,,,
TRUE,HP,LaserJet P2055x,0.0173,JPBF969460,10.157.41.50,08-2E-5F-BD-40-8F,20101025,10/9/2018 1:17:32 PM,10/10/2019 1:18:34 PM,10261,10261,0,177.5153,0.48501353
TRUE,HP,LaserJet P4515,0.0173,CNDY323861,10.157.49.101,00-1F-29-23-68-0C,04.044.0,,,,,,,
TRUE,HP,LaserJet Pro M428f-M429f,0.0173,MXBPM892FS,10.157.49.107,80-E8-2C-A9-BD-12,TETONXXXXN002.1916A.00,8/31/2019 5:17:19 PM,10/10/2019 1:18:34 PM,17,17,0,0.2941,0.007383103
TRUE,SHARP,AR-M237,0.0125,6504445700,10.157.59.69,08-00-1F-F5-46-D3,05.00.02,12/22/2018 5:17:45 PM,7/17/2019 9:17:59 AM,181011,181011,,2262.6375,10.94823738
TRUE,SHARP,AR-M355N,0.0125,6500668300,10.157.59.57,08-00-1F-D5-66-08,n1.17,,,,,,,
TRUE,SHARP,MX-4111N,0.009,1501152800,10.157.52.52,28-84-FA-8F-0B-39,08m20.R1,10/9/2018 9:17:15 AM,10/10/2019 1:18:34 PM,333115,273732,59383,2463.588,6.728034178
FALSE,SHARP,MX-4111N,0.009,1503385700,10.157.59.57,68-79-ED-74-72-6C,08.20.R1,10/9/2018 5:17:46 AM,10/10/2019 1:18:34 PM,641258,329236,312022,2963.124,8.088588279
TRUE,SHARP,MX-4111N,0.009,3502159300,10.157.49.99,34-F6-2D-36-37-C3,08.20.R1,10/9/2018 5:17:24 AM,10/10/2019 1:18:34 PM,422014,239302,182712,2153.718,5.879108017
TRUE,SHARP,MX-M1055,0.009,6500428Y00,10.157.49.81,24-31-84-E8-98-5B,01.02.h4,,,,,,,
TRUE,SHARP,MX-M1055,0.009,6500429Y00,10.157.49.80,24-31-84-E8-98-59,01.02.h4,,,,,,,
TRUE,SHARP,MX-M260,0.01,0503508X00,10.157.56.52,A0-DD-E5-6A-FB-90,01.08.00,10/9/2018 1:17:32 PM,1/23/2019 1:18:17 PM,230818,230818,,2308.18,21.77517603
TRUE,SHARP,MX-M260,0.01,1501049900,10.157.51.52,68-79-ED-74-B2-F2,01.08.00,10/9/2018 1:17:32 PM,1/28/2019 9:17:38 AM,21705,21705,,217.05,1.958344638
TRUE,SHARP,MX-M260,0.01,9504055800,10.157.55.53,00-22-F3-9C-D5-56,01.00.00,10/9/2018 1:17:32 PM,12/3/2018 9:17:38 AM,209878,209878,,2098.78,38.27557463
TRUE,SHARP,MX-M260,0.01,9504056800,10.157.57.52,00-22-F3-9C-D3-EE,01.00.00,10/9/2018 1:17:32 PM,10/10/2019 1:18:34 PM,294745,294745,,2947.45,8.053126287
TRUE,SHARP,MX-M264N,0.01,2502564600,10.157.53.52,78-1C-5A-38-56-60,u5.00.c1,10/9/2018 1:17:32 PM,1/29/2019 1:18:17 PM,114566,114566,,1145.66,10.22905957
TRUE,SHARP,MX-M264N,0.01,2504972Y00,10.157.57.54,78-1C-5A-CC-35-3F,u2.01.c1,10/9/2018 5:17:46 AM,10/10/2019 1:18:34 PM,118603,118603,,1186.03,3.237565609
TRUE,SHARP,MX-M3070,0.0075,7500289Y00,10.157.18.52,34-5A-06-19-DC-C0,02.01.z1.00,9/12/2019 5:17:29 PM,10/10/2019 1:18:34 PM,3557,3557,,26.6775,0.958447148
TRUE,SHARP,MX-M3070,0.0075,7500679X00,10.157.49.85,80-38-96-CA-D0-C9,02.01.z1.00,1/23/2019 5:17:48 PM,10/10/2019 1:18:34 PM,27414,27414,,205.605,0.791294081
TRUE,SHARP,MX-M3070,0.0075,7500805X00,10.157.16.51,80-38-96-EC-30-59,03.00.z1.00,6/4/2019 1:17:33 PM,10/10/2019 1:18:34 PM,8213,8213,,61.5975,0.481227814
TRUE,SHARP,MX-M3070,0.0075,8500537000,10.157.51.52,F0-9F-FC-00-C1-DA,03.00.z1.00,1/28/2019 1:17:35 PM,10/10/2019 1:18:34 PM,2445,2445,,18.3375,0.071911572
TRUE,SHARP,MX-M3070,0.0075,8500547000,10.157.56.52,F0-9F-FC-00-C1-94,03.00.z1.00,1/23/2019 5:17:48 PM,10/10/2019 1:18:34 PM,20298,20298,,152.235,0.585893604
TRUE,SHARP,MX-M3070,0.0075,8500564000,10.157.53.52,F0-9F-FC-00-C1-89,03.00.z1.00,1/29/2019 5:17:49 PM,10/10/2019 1:18:34 PM,11081,11081,,83.1075,0.327409046
TRUE,SHARP,MX-M3070,0.0075,8500862900,10.157.55.53,34-5A-06-F7-B7-C4,03.00.z1.00,12/3/2018 1:17:31 PM,10/10/2019 1:18:34 PM,11358,11358,,85.185,0.27390611
TRUE,SHARP,MX-M3570,0.0075,7501219X00,10.157.57.58,80-38-96-EC-32-55,01.01.z1.0a,10/9/2018 1:17:32 PM,10/10/2019 1:18:34 PM,36625,36625,,274.6875,0.750510824
TRUE,SHARP,MX-M363N,0.0075,0504909X00,10.157.43.52,A0-DD-E5-AE-2B-9C,03.04.j3,10/9/2018 1:17:32 PM,10/10/2019 1:18:34 PM,280229,280229,,2101.7175,5.742386282
TRUE,SHARP,MX-M363N,0.0075,2000030Y00,10.157.41.52,78-1C-5A-BF-CE-9C,03.04.j3,10/9/2018 1:17:32 PM,10/10/2019 1:18:34 PM,228972,228972,,1717.29,4.692039981
TRUE,SHARP,MX-M363N,0.0075,9501554900,10.157.49.97,00-22-F3-9D-0E-DA,03.04.j3,10/9/2018 1:17:32 PM,10/10/2019 1:18:34 PM,823127,823127,,6173.4525,16.86732349
TRUE,SHARP,MX-M363N,0.0075,9502125400,10.157.59.55,00-22-F3-68-18-04,03.04.j3,10/9/2018 1:17:32 PM,10/10/2019 1:18:34 PM,213400,213400,,1600.5,4.372942246
TRUE,SHARP,MX-M365N,0.0075,6501190X00,10.157.54.52,24-31-84-C8-6C-0F,03.00.o1,9/10/2019 2:42:06 PM,10/10/2019 1:18:34 PM,24649,24649,,184.8675,6.17418867
TRUE,SHARP,MX-M453N,0.0075,9503443400,10.157.49.125,00-22-F3-68-1E-6E,03.01.jc,10/9/2018 1:17:32 PM,10/10/2019 1:18:34 PM,202856,202856,,1521.42,4.156877096
FALSE,SHARP,MX-M550N,0.0069,,10.157.59.63,70-75-62-6C-69-63,,12/2/2018 1:26:00 PM,12/2/2018 1:26:00 PM,,,,,
TRUE,SHARP,MX-M550N,0.0069,8500957300,10.157.59.63,00-1C-EE-7B-C3-14,n3.03.D0,10/9/2018 1:17:32 PM,10/10/2019 1:18:34 PM,1037481,1037481,,7158.6189,19.55902968
TRUE,SHARP,MX-M620N,0.0069,6500950Y00,10.157.59.67,00-17-5C-6E-EA-51,n3.03.D0,3/8/2019 5:17:25 PM,10/10/2019 1:18:34 PM,1537461,1537461,,10608.4809,49.15108099
TRUE,SHARP,MX-M620N,0.0069,8500650700,10.157.47.53,00-1C-EE-94-D4-EB,m.16,10/9/2018 1:17:32 PM,10/10/2019 1:18:34 PM,341973,341973,,2359.6137,6.447019327
TRUE,SHARP,MX-M654N,0.0069,8500101300,10.157.16.50,34-5A-06-4A-EE-A8,03.01.t1,9/10/2019 2:42:06 PM,10/10/2019 1:18:34 PM,55876,55876,,385.5444,12.87637831
TRUE,SHARP,MX-M753N,0.0058,4500314X00,10.157.44.52,24-26-42-D9-50-AE,04.04.d3,10/9/2018 1:17:32 PM,10/10/2019 1:18:34 PM,231924,231924,,1345.1592,3.675291155
TRUE,SHARP,MX-M753N,0.0058,4500382X00,10.157.49.120,24-26-42-D9-50-F4,04.04.d3,10/9/2018 1:17:32 PM,10/10/2019 1:18:34 PM,580125,580125,,3364.725,9.19321968
TRUE,SHARP,MX-M753N,0.0058,4500385X00,10.157.49.72,24-26-42-D9-50-D0,04.04.d3,10/9/2018 9:17:37 AM,10/10/2019 1:18:34 PM,858691,858691,,4980.4078,13.60145333
TRUE,SHARP,MX-M753N,0.0058,4500397X00,10.157.44.56,24-26-42-D9-51-44,04.04.d3,10/9/2018 1:17:32 PM,10/10/2019 1:18:34 PM,768826,768826,,4459.1908,12.18355753
FALSE,SHARP,MX-4111N,0.009,1503385700,10.157.59.57,70-75-62-6C-69-63,08.20.R1,,,,,,,
FALSE,SOURCE,Technologies ST9715,0.0058,451456LM2B3BC,10.157.49.102,00-21-B7-39-6E-F9,NH41.CY.N454,10/9/2018 5:17:46 AM,10/10/2019 1:18:34 PM,16117,16117,,93.4786,0.255173225
,,,,,,,,,,,,,,